ID,stress_score
TEST_0000,0.80574405
TEST_0001,0.8664279
TEST_0002,0.6823322
TEST_0003,0.58728063
TEST_0004,0.69998276
TEST_0005,0.6697631
TEST_0006,0.6024046
TEST_0007,0.6549488
TEST_0008,0.6848454
TEST_0009,0.69925934
TEST_0010,0.6306282
TEST_0011,0.71291953
TEST_0012,0.80417234
TEST_0013,0.65657276
TEST_0014,0.8299623
TEST_0015,0.68817395
TEST_0016,0.7623917
TEST_0017,0.74651945
TEST_0018,0.6302621
TEST_0019,0.7269681
TEST_0020,0.80324167
TEST_0021,0.7648745
TEST_0022,0.6609631
TEST_0023,0.75303817
TEST_0024,0.65253127
TEST_0025,0.665336
TEST_0026,0.7336094
TEST_0027,0.58948314
TEST_0028,0.7265672
TEST_0029,0.76435417
TEST_0030,0.74958867
TEST_0031,0.6381928
TEST_0032,0.813688
TEST_0033,0.6472426
TEST_0034,0.7126024
TEST_0035,0.61008006
TEST_0036,0.6685613
TEST_0037,0.6313068
TEST_0038,0.6721813
TEST_0039,0.8080138
TEST_0040,0.7662311
TEST_0041,0.76908195
TEST_0042,0.7230405
TEST_0043,0.57024926
TEST_0044,0.81422174
TEST_0045,0.68606454
TEST_0046,0.59124094
TEST_0047,0.6901711
TEST_0048,0.65810305
TEST_0049,0.68933886
TEST_0050,0.69507986
TEST_0051,0.72142017
TEST_0052,0.64310926
TEST_0053,0.83053994
TEST_0054,0.6628379
TEST_0055,0.70901316
TEST_0056,0.80113435
TEST_0057,0.7468162
TEST_0058,0.62182236
TEST_0059,0.67988884
TEST_0060,0.6593512
TEST_0061,0.663869
TEST_0062,0.70855355
TEST_0063,0.7462586
TEST_0064,0.6124311
TEST_0065,0.7076148
TEST_0066,0.759003
TEST_0067,0.68312645
TEST_0068,0.62375677
TEST_0069,0.572832
TEST_0070,0.67622983
TEST_0071,0.6853967
TEST_0072,0.8085224
TEST_0073,0.87281054
TEST_0074,0.7171759
TEST_0075,0.6113911
TEST_0076,0.75506693
TEST_0077,0.704253
TEST_0078,0.73169994
TEST_0079,0.6390983
TEST_0080,0.6794629
TEST_0081,0.6736685
TEST_0082,0.6076934
TEST_0083,0.56076765
TEST_0084,0.6777423
TEST_0085,0.7867337
TEST_0086,0.8398175
TEST_0087,0.64851266
TEST_0088,0.819754
TEST_0089,0.65290153
TEST_0090,0.84736997
TEST_0091,0.64979833
TEST_0092,0.72375876
TEST_0093,0.7673034
TEST_0094,0.6286768
TEST_0095,0.6613211
TEST_0096,0.7597216
TEST_0097,0.6315131
TEST_0098,0.732821
TEST_0099,0.7416362
TEST_0100,0.7074678
TEST_0101,0.7198416
TEST_0102,0.7513979
TEST_0103,0.63037616
TEST_0104,0.6872699
TEST_0105,0.7100399
TEST_0106,0.713405
TEST_0107,0.655581
TEST_0108,0.7357448
TEST_0109,0.5944943
TEST_0110,0.6252092
TEST_0111,0.71707624
TEST_0112,0.78732395
TEST_0113,0.7696811
TEST_0114,0.8177572
TEST_0115,0.64902204
TEST_0116,0.655581
TEST_0117,0.71782565
TEST_0118,0.63984734
TEST_0119,0.6277254
TEST_0120,0.7696811
TEST_0121,0.67547166
TEST_0122,0.7041986
TEST_0123,0.6067281
TEST_0124,0.64265966
TEST_0125,0.6444972
TEST_0126,0.74587274
TEST_0127,0.6704442
TEST_0128,0.66540587
TEST_0129,0.692512
TEST_0130,0.7530419
TEST_0131,0.5984769
TEST_0132,0.7406433
TEST_0133,0.701327
TEST_0134,0.68377596
TEST_0135,0.63441926
TEST_0136,0.73053414
TEST_0137,0.5892454
TEST_0138,0.66484666
TEST_0139,0.777965
TEST_0140,0.6794556
TEST_0141,0.60193974
TEST_0142,0.60815746
TEST_0143,0.81210166
TEST_0144,0.69417256
TEST_0145,0.75316733
TEST_0146,0.68764913
TEST_0147,0.5455402
TEST_0148,0.6075456
TEST_0149,0.8411406
TEST_0150,0.58364904
TEST_0151,0.684181
TEST_0152,0.72134507
TEST_0153,0.6007579
TEST_0154,0.63786256
TEST_0155,0.5809584
TEST_0156,0.69687057
TEST_0157,0.69772977
TEST_0158,0.62942314
TEST_0159,0.64767814
TEST_0160,0.7207666
TEST_0161,0.85417205
TEST_0162,0.69483715
TEST_0163,0.76631624
TEST_0164,0.71199596
TEST_0165,0.7135815
TEST_0166,0.6533209
TEST_0167,0.7276924
TEST_0168,0.736172
TEST_0169,0.65560114
TEST_0170,0.7186397
TEST_0171,0.6504948
TEST_0172,0.7128177
TEST_0173,0.7076157
TEST_0174,0.69173527
TEST_0175,0.7855879
TEST_0176,0.7369707
TEST_0177,0.6111731
TEST_0178,0.69026417
TEST_0179,0.63034225
TEST_0180,0.79587686
TEST_0181,0.7400904
TEST_0182,0.6901047
TEST_0183,0.66345584
TEST_0184,0.6273179
TEST_0185,0.766766
TEST_0186,0.8029549
TEST_0187,0.76163197
TEST_0188,0.6743609
TEST_0189,0.6590269
TEST_0190,0.7513857
TEST_0191,0.6799964
TEST_0192,0.6583617
TEST_0193,0.7332825
TEST_0194,0.6385385
TEST_0195,0.7018498
TEST_0196,0.6611562
TEST_0197,0.6817134
TEST_0198,0.6071136
TEST_0199,0.69827807
TEST_0200,0.6266675
TEST_0201,0.8256905
TEST_0202,0.8082787
TEST_0203,0.7528184
TEST_0204,0.7450874
TEST_0205,0.6752404
TEST_0206,0.6342657
TEST_0207,0.7709148
TEST_0208,0.73657143
TEST_0209,0.54330564
TEST_0210,0.72835875
TEST_0211,0.7169367
TEST_0212,0.7861081
TEST_0213,0.6727233
TEST_0214,0.71141744
TEST_0215,0.70969117
TEST_0216,0.7215085
TEST_0217,0.6416956
TEST_0218,0.65176964
TEST_0219,0.7561043
TEST_0220,0.8571897
TEST_0221,0.6072774
TEST_0222,0.6505525
TEST_0223,0.63466954
TEST_0224,0.6685965
TEST_0225,0.7184661
TEST_0226,0.6984876
TEST_0227,0.66692144
TEST_0228,0.71707636
TEST_0229,0.6542152
TEST_0230,0.79290324
TEST_0231,0.6464914
TEST_0232,0.64186704
TEST_0233,0.7863017
TEST_0234,0.70796907
TEST_0235,0.6133437
TEST_0236,0.66308004
TEST_0237,0.6334633
TEST_0238,0.61779284
TEST_0239,0.81813306
TEST_0240,0.68812793
TEST_0241,0.6287387
TEST_0242,0.6002213
TEST_0243,0.6236608
TEST_0244,0.7047022
TEST_0245,0.724149
TEST_0246,0.77584165
TEST_0247,0.6651027
TEST_0248,0.7006779
TEST_0249,0.5821244
TEST_0250,0.57690704
TEST_0251,0.75819725
TEST_0252,0.63876516
TEST_0253,0.63656956
TEST_0254,0.6569739
TEST_0255,0.61960566
TEST_0256,0.6654378
TEST_0257,0.6620689
TEST_0258,0.64902204
TEST_0259,0.71766126
TEST_0260,0.7177677
TEST_0261,0.8220918
TEST_0262,0.68606454
TEST_0263,0.6574438
TEST_0264,0.5890627
TEST_0265,0.6688558
TEST_0266,0.73091614
TEST_0267,0.63922864
TEST_0268,0.6911463
TEST_0269,0.83053994
TEST_0270,0.7668042
TEST_0271,0.59864527
TEST_0272,0.6728516
TEST_0273,0.61639506
TEST_0274,0.82571995
TEST_0275,0.7494806
TEST_0276,0.63148844
TEST_0277,0.60193974
TEST_0278,0.7564966
TEST_0279,0.700861
TEST_0280,0.6625596
TEST_0281,0.67565334
TEST_0282,0.7254706
TEST_0283,0.6578787
TEST_0284,0.6324567
TEST_0285,0.62965876
TEST_0286,0.8168676
TEST_0287,0.64228547
TEST_0288,0.6116336
TEST_0289,0.694784
TEST_0290,0.6608401
TEST_0291,0.87601656
TEST_0292,0.7048694
TEST_0293,0.69838417
TEST_0294,0.75679076
TEST_0295,0.6779015
TEST_0296,0.6496092
TEST_0297,0.59579974
TEST_0298,0.6974408
TEST_0299,0.65601605
TEST_0300,0.7147253
TEST_0301,0.70400923
TEST_0302,0.6196883
TEST_0303,0.699382
TEST_0304,0.68968695
TEST_0305,0.57653016
TEST_0306,0.65192753
TEST_0307,0.778174
TEST_0308,0.7732828
TEST_0309,0.6940956
TEST_0310,0.7861325
TEST_0311,0.6205285
TEST_0312,0.62503546
TEST_0313,0.6755974
TEST_0314,0.66562986
TEST_0315,0.72680634
TEST_0316,0.7086599
TEST_0317,0.66377425
TEST_0318,0.6660329
TEST_0319,0.70177513
TEST_0320,0.64575815
TEST_0321,0.6019391
TEST_0322,0.74018335
TEST_0323,0.7075946
TEST_0324,0.7005047
TEST_0325,0.6969941
TEST_0326,0.70865804
TEST_0327,0.6651326
TEST_0328,0.69827807
TEST_0329,0.6242292
TEST_0330,0.73117673
TEST_0331,0.7249901
TEST_0332,0.70936567
TEST_0333,0.8323803
TEST_0334,0.66025937
TEST_0335,0.56735265
TEST_0336,0.60609657
TEST_0337,0.75050265
TEST_0338,0.70506626
TEST_0339,0.60764414
TEST_0340,0.6296734
TEST_0341,0.66472924
TEST_0342,0.6608121
TEST_0343,0.5944943
TEST_0344,0.64277977
TEST_0345,0.7086599
TEST_0346,0.68987286
TEST_0347,0.5975886
TEST_0348,0.6412645
TEST_0349,0.7721052
TEST_0350,0.61053777
TEST_0351,0.65534073
TEST_0352,0.74468535
TEST_0353,0.7773444
TEST_0354,0.73169994
TEST_0355,0.68745226
TEST_0356,0.6020904
TEST_0357,0.7704984
TEST_0358,0.64448446
TEST_0359,0.7896754
TEST_0360,0.7563197
TEST_0361,0.8902946
TEST_0362,0.6536685
TEST_0363,0.66619056
TEST_0364,0.74147415
TEST_0365,0.6848627
TEST_0366,0.5750872
TEST_0367,0.7416362
TEST_0368,0.7111321
TEST_0369,0.6735008
TEST_0370,0.6667877
TEST_0371,0.76238847
TEST_0372,0.6255964
TEST_0373,0.6884961
TEST_0374,0.8293646
TEST_0375,0.66730833
TEST_0376,0.6629991
TEST_0377,0.54600084
TEST_0378,0.6561446
TEST_0379,0.69386524
TEST_0380,0.6352468
TEST_0381,0.6840197
TEST_0382,0.6749352
TEST_0383,0.7212279
TEST_0384,0.66105443
TEST_0385,0.6302621
TEST_0386,0.64103895
TEST_0387,0.6396397
TEST_0388,0.7341503
TEST_0389,0.71177655
TEST_0390,0.6829277
TEST_0391,0.72085524
TEST_0392,0.7078327
TEST_0393,0.6426812
TEST_0394,0.63477594
TEST_0395,0.82115084
TEST_0396,0.80488336
TEST_0397,0.6615773
TEST_0398,0.5986103
TEST_0399,0.6498092
TEST_0400,0.67945313
TEST_0401,0.6870573
TEST_0402,0.82352686
TEST_0403,0.6253101
TEST_0404,0.68876517
TEST_0405,0.8025978
TEST_0406,0.61074054
TEST_0407,0.66068333
TEST_0408,0.6471175
TEST_0409,0.6735008
TEST_0410,0.7078327
TEST_0411,0.6919151
TEST_0412,0.6031546
TEST_0413,0.68812793
TEST_0414,0.664595
TEST_0415,0.72188836
TEST_0416,0.80132216
TEST_0417,0.76516485
TEST_0418,0.7954042
TEST_0419,0.64185816
TEST_0420,0.71291953
TEST_0421,0.7366441
TEST_0422,0.75409245
TEST_0423,0.7513857
TEST_0424,0.723787
TEST_0425,0.72085524
TEST_0426,0.6541274
TEST_0427,0.7780349
TEST_0428,0.6542152
TEST_0429,0.69034773
TEST_0430,0.6719668
TEST_0431,0.61008006
TEST_0432,0.6559
TEST_0433,0.7195092
TEST_0434,0.6294728
TEST_0435,0.61639506
TEST_0436,0.79300296
TEST_0437,0.7462531
TEST_0438,0.6960296
TEST_0439,0.6191844
TEST_0440,0.71291953
TEST_0441,0.69742554
TEST_0442,0.79413855
TEST_0443,0.82465935
TEST_0444,0.63844436
TEST_0445,0.6591162
TEST_0446,0.6252092
TEST_0447,0.69104594
TEST_0448,0.65310544
TEST_0449,0.6687419
TEST_0450,0.6569382
TEST_0451,0.7364182
TEST_0452,0.8256905
TEST_0453,0.71452844
TEST_0454,0.6512407
TEST_0455,0.61158127
TEST_0456,0.6308633
TEST_0457,0.69375527
TEST_0458,0.79225117
TEST_0459,0.7484728
TEST_0460,0.8304874
TEST_0461,0.74322665
TEST_0462,0.6398657
TEST_0463,0.683959
TEST_0464,0.72764975
TEST_0465,0.64646363
TEST_0466,0.62308604
TEST_0467,0.6613791
TEST_0468,0.65870374
TEST_0469,0.6861081
TEST_0470,0.7569881
TEST_0471,0.5851726
TEST_0472,0.69199353
TEST_0473,0.62729704
TEST_0474,0.684181
TEST_0475,0.61609006
TEST_0476,0.7133099
TEST_0477,0.64898014
TEST_0478,0.69173527
TEST_0479,0.7177268
TEST_0480,0.5283902
TEST_0481,0.6984763
TEST_0482,0.78602415
TEST_0483,0.59101
TEST_0484,0.6390545
TEST_0485,0.70579684
TEST_0486,0.7249683
TEST_0487,0.73542637
TEST_0488,0.6226943
TEST_0489,0.75631714
TEST_0490,0.7214663
TEST_0491,0.7232371
TEST_0492,0.59595376
TEST_0493,0.8153546
TEST_0494,0.7972546
TEST_0495,0.5849454
TEST_0496,0.77343583
TEST_0497,0.6253101
TEST_0498,0.7293775
TEST_0499,0.82568896
TEST_0500,0.6109438
TEST_0501,0.7193858
TEST_0502,0.7251242
TEST_0503,0.7658873
TEST_0504,0.71261483
TEST_0505,0.65368474
TEST_0506,0.74141836
TEST_0507,0.7147384
TEST_0508,0.6656108
TEST_0509,0.68807906
TEST_0510,0.74147004
TEST_0511,0.68849766
TEST_0512,0.7184501
TEST_0513,0.7076157
TEST_0514,0.66759175
TEST_0515,0.7434108
TEST_0516,0.6814842
TEST_0517,0.7016413
TEST_0518,0.6673631
TEST_0519,0.6587051
TEST_0520,0.7403578
TEST_0521,0.6333987
TEST_0522,0.62296903
TEST_0523,0.6913788
TEST_0524,0.62507796
TEST_0525,0.6971789
TEST_0526,0.6082641
TEST_0527,0.59906334
TEST_0528,0.60866976
TEST_0529,0.6369087
TEST_0530,0.7107952
TEST_0531,0.75569856
TEST_0532,0.7359329
TEST_0533,0.70611167
TEST_0534,0.61222625
TEST_0535,0.77155834
TEST_0536,0.68764913
TEST_0537,0.59033155
TEST_0538,0.62552094
TEST_0539,0.66716945
TEST_0540,0.85054594
TEST_0541,0.6661027
TEST_0542,0.6296375
TEST_0543,0.68837655
TEST_0544,0.73881614
TEST_0545,0.8100061
TEST_0546,0.678532
TEST_0547,0.77397543
TEST_0548,0.65342367
TEST_0549,0.59307444
TEST_0550,0.73139334
TEST_0551,0.6524164
TEST_0552,0.7151036
TEST_0553,0.64103895
TEST_0554,0.74259144
TEST_0555,0.6874723
TEST_0556,0.64472896
TEST_0557,0.6590129
TEST_0558,0.71582264
TEST_0559,0.77890867
TEST_0560,0.71452844
TEST_0561,0.64150995
TEST_0562,0.5991969
TEST_0563,0.7450874
TEST_0564,0.7714059
TEST_0565,0.5767372
TEST_0566,0.7208546
TEST_0567,0.67254025
TEST_0568,0.6133255
TEST_0569,0.66980845
TEST_0570,0.6876239
TEST_0571,0.6369087
TEST_0572,0.6515996
TEST_0573,0.6135852
TEST_0574,0.65714777
TEST_0575,0.6930429
TEST_0576,0.5557188
TEST_0577,0.68040997
TEST_0578,0.68179435
TEST_0579,0.60387486
TEST_0580,0.6144538
TEST_0581,0.7335122
TEST_0582,0.7454495
TEST_0583,0.57328105
TEST_0584,0.7986185
TEST_0585,0.64508617
TEST_0586,0.7863017
TEST_0587,0.76837796
TEST_0588,0.6611311
TEST_0589,0.7953392
TEST_0590,0.76933384
TEST_0591,0.7229853
TEST_0592,0.72587776
TEST_0593,0.66989285
TEST_0594,0.7038304
TEST_0595,0.71956587
TEST_0596,0.7002442
TEST_0597,0.74910206
TEST_0598,0.7709148
TEST_0599,0.7850813
TEST_0600,0.6277608
TEST_0601,0.5836407
TEST_0602,0.63293725
TEST_0603,0.65342367
TEST_0604,0.6354176
TEST_0605,0.64265317
TEST_0606,0.5984769
TEST_0607,0.6187546
TEST_0608,0.71032053
TEST_0609,0.69446194
TEST_0610,0.6992626
TEST_0611,0.732772
TEST_0612,0.6147179
TEST_0613,0.68127656
TEST_0614,0.78797245
TEST_0615,0.6799605
TEST_0616,0.6281859
TEST_0617,0.694784
TEST_0618,0.6685323
TEST_0619,0.8168676
TEST_0620,0.7642776
TEST_0621,0.6257475
TEST_0622,0.70800346
TEST_0623,0.6379604
TEST_0624,0.6701332
TEST_0625,0.72255653
TEST_0626,0.65021473
TEST_0627,0.6393647
TEST_0628,0.84131527
TEST_0629,0.6827827
TEST_0630,0.6085584
TEST_0631,0.6258836
TEST_0632,0.72435206
TEST_0633,0.8270335
TEST_0634,0.6333091
TEST_0635,0.6031546
TEST_0636,0.6200306
TEST_0637,0.8055548
TEST_0638,0.6685613
TEST_0639,0.76887846
TEST_0640,0.81068003
TEST_0641,0.6575903
TEST_0642,0.61821604
TEST_0643,0.59906334
TEST_0644,0.6661102
TEST_0645,0.64775336
TEST_0646,0.6894067
TEST_0647,0.6569382
TEST_0648,0.76908195
TEST_0649,0.68015796
TEST_0650,0.6769008
TEST_0651,0.7270543
TEST_0652,0.7434108
TEST_0653,0.64052284
TEST_0654,0.6396397
TEST_0655,0.6880859
TEST_0656,0.6273914
TEST_0657,0.77539265
TEST_0658,0.7825993
TEST_0659,0.7270543
TEST_0660,0.7214135
TEST_0661,0.576431
TEST_0662,0.6584584
TEST_0663,0.72905236
TEST_0664,0.6605711
TEST_0665,0.6596789
TEST_0666,0.6470712
TEST_0667,0.7461936
TEST_0668,0.7247583
TEST_0669,0.7773444
TEST_0670,0.66590023
TEST_0671,0.90482354
TEST_0672,0.6254091
TEST_0673,0.6187484
TEST_0674,0.7693607
TEST_0675,0.6462291
TEST_0676,0.6313588
TEST_0677,0.74773663
TEST_0678,0.7454639
TEST_0679,0.7631048
TEST_0680,0.7392893
TEST_0681,0.5975886
TEST_0682,0.64257604
TEST_0683,0.69670635
TEST_0684,0.7147253
TEST_0685,0.70948356
TEST_0686,0.61555284
TEST_0687,0.6428422
TEST_0688,0.65254265
TEST_0689,0.643402
TEST_0690,0.8411406
TEST_0691,0.81500924
TEST_0692,0.8226712
TEST_0693,0.7666664
TEST_0694,0.7412529
TEST_0695,0.5856119
TEST_0696,0.7084957
TEST_0697,0.6650972
TEST_0698,0.57328105
TEST_0699,0.613678
TEST_0700,0.66285
TEST_0701,0.62977326
TEST_0702,0.6456106
TEST_0703,0.7021599
TEST_0704,0.8047621
TEST_0705,0.5991838
TEST_0706,0.7368901
TEST_0707,0.68548113
TEST_0708,0.71969706
TEST_0709,0.6961686
TEST_0710,0.6746067
TEST_0711,0.80151767
TEST_0712,0.7107429
TEST_0713,0.72600055
TEST_0714,0.63018775
TEST_0715,0.7454639
TEST_0716,0.7516454
TEST_0717,0.65169895
TEST_0718,0.81071395
TEST_0719,0.60387486
TEST_0720,0.6807488
TEST_0721,0.6272704
TEST_0722,0.82163686
TEST_0723,0.6144504
TEST_0724,0.7776579
TEST_0725,0.6596884
TEST_0726,0.6452579
TEST_0727,0.74110466
TEST_0728,0.7589371
TEST_0729,0.71969706
TEST_0730,0.65827954
TEST_0731,0.708695
TEST_0732,0.6974408
TEST_0733,0.7940707
TEST_0734,0.6255964
TEST_0735,0.7639385
TEST_0736,0.55316436
TEST_0737,0.64321226
TEST_0738,0.8289918
TEST_0739,0.71827406
TEST_0740,0.56898355
TEST_0741,0.6767257
TEST_0742,0.6586601
TEST_0743,0.6952393
TEST_0744,0.6386795
TEST_0745,0.65370965
TEST_0746,0.60480493
TEST_0747,0.6602083
TEST_0748,0.6319592
TEST_0749,0.7076148
TEST_0750,0.6673631
TEST_0751,0.7504887
TEST_0752,0.73696756
TEST_0753,0.72600055
TEST_0754,0.6683953
TEST_0755,0.6301979
TEST_0756,0.6355526
TEST_0757,0.62589324
TEST_0758,0.69668955
TEST_0759,0.74910206
TEST_0760,0.6584816
TEST_0761,0.7074718
TEST_0762,0.8254167
TEST_0763,0.72186875
TEST_0764,0.5470943
TEST_0765,0.71505594
TEST_0766,0.66306144
TEST_0767,0.6533447
TEST_0768,0.60389745
TEST_0769,0.65948284
TEST_0770,0.8299623
TEST_0771,0.62729704
TEST_0772,0.66940665
TEST_0773,0.64783376
TEST_0774,0.5805647
TEST_0775,0.7584375
TEST_0776,0.76931953
TEST_0777,0.704004
TEST_0778,0.77913773
TEST_0779,0.81071395
TEST_0780,0.66704696
TEST_0781,0.70948356
TEST_0782,0.58163977
TEST_0783,0.63033825
TEST_0784,0.72234786
TEST_0785,0.81019956
TEST_0786,0.65075547
TEST_0787,0.6109736
TEST_0788,0.8047621
TEST_0789,0.6712368
TEST_0790,0.8398926
TEST_0791,0.7234841
TEST_0792,0.61821604
TEST_0793,0.6767791
TEST_0794,0.665343
TEST_0795,0.7411087
TEST_0796,0.7169367
TEST_0797,0.7199593
TEST_0798,0.85187024
TEST_0799,0.6434082
TEST_0800,0.6901711
TEST_0801,0.67941034
TEST_0802,0.8058585
TEST_0803,0.6515996
TEST_0804,0.7737031
TEST_0805,0.6320958
TEST_0806,0.67853206
TEST_0807,0.6837706
TEST_0808,0.67796445
TEST_0809,0.8914299
TEST_0810,0.6347004
TEST_0811,0.7054017
TEST_0812,0.7564831
TEST_0813,0.8601323
TEST_0814,0.678982
TEST_0815,0.77813476
TEST_0816,0.6336133
TEST_0817,0.680909
TEST_0818,0.68872726
TEST_0819,0.66533357
TEST_0820,0.6753106
TEST_0821,0.6147179
TEST_0822,0.80787325
TEST_0823,0.7254938
TEST_0824,0.6172743
TEST_0825,0.67072827
TEST_0826,0.61323285
TEST_0827,0.6339791
TEST_0828,0.74648184
TEST_0829,0.7217227
TEST_0830,0.6838342
TEST_0831,0.7662497
TEST_0832,0.6964753
TEST_0833,0.72855765
TEST_0834,0.7682042
TEST_0835,0.7747526
TEST_0836,0.7745095
TEST_0837,0.7238986
TEST_0838,0.7804564
TEST_0839,0.8185425
TEST_0840,0.8138297
TEST_0841,0.5964232
TEST_0842,0.7594073
TEST_0843,0.6421056
TEST_0844,0.6381928
TEST_0845,0.6807762
TEST_0846,0.76546365
TEST_0847,0.66370296
TEST_0848,0.6857544
TEST_0849,0.6690651
TEST_0850,0.7737632
TEST_0851,0.6579509
TEST_0852,0.6581191
TEST_0853,0.65560114
TEST_0854,0.74110466
TEST_0855,0.6590129
TEST_0856,0.710211
TEST_0857,0.7358102
TEST_0858,0.7569075
TEST_0859,0.68247104
TEST_0860,0.6874881
TEST_0861,0.7260224
TEST_0862,0.6089681
TEST_0863,0.73757285
TEST_0864,0.6697649
TEST_0865,0.6234539
TEST_0866,0.732772
TEST_0867,0.7251174
TEST_0868,0.71947336
TEST_0869,0.66627896
TEST_0870,0.75921834
TEST_0871,0.7045125
TEST_0872,0.6543137
TEST_0873,0.6685772
TEST_0874,0.68213934
TEST_0875,0.7564966
TEST_0876,0.61008006
TEST_0877,0.8524622
TEST_0878,0.6235716
TEST_0879,0.63281053
TEST_0880,0.64186704
TEST_0881,0.6509967
TEST_0882,0.6997551
TEST_0883,0.6517041
TEST_0884,0.66408366
TEST_0885,0.65005535
TEST_0886,0.752011
TEST_0887,0.6522631
TEST_0888,0.65454143
TEST_0889,0.6590218
TEST_0890,0.6984763
TEST_0891,0.74976426
TEST_0892,0.66595757
TEST_0893,0.7089879
TEST_0894,0.6874881
TEST_0895,0.7186397
TEST_0896,0.66759175
TEST_0897,0.65704906
TEST_0898,0.85648
TEST_0899,0.7351364
TEST_0900,0.68931854
TEST_0901,0.6048167
TEST_0902,0.7227345
TEST_0903,0.7530419
TEST_0904,0.65512496
TEST_0905,0.7039986
TEST_0906,0.65560114
TEST_0907,0.6091526
TEST_0908,0.72632986
TEST_0909,0.6579226
TEST_0910,0.70964074
TEST_0911,0.66914237
TEST_0912,0.5995893
TEST_0913,0.6743921
TEST_0914,0.6538977
TEST_0915,0.7021051
TEST_0916,0.68945813
TEST_0917,0.80502963
TEST_0918,0.67547166
TEST_0919,0.69742554
TEST_0920,0.71615666
TEST_0921,0.58499616
TEST_0922,0.7043951
TEST_0923,0.6955439
TEST_0924,0.64150995
TEST_0925,0.5995893
TEST_0926,0.6168653
TEST_0927,0.6498092
TEST_0928,0.63441926
TEST_0929,0.71593
TEST_0930,0.69241583
TEST_0931,0.7778905
TEST_0932,0.68495154
TEST_0933,0.64042073
TEST_0934,0.59969825
TEST_0935,0.70222837
TEST_0936,0.76107544
TEST_0937,0.6359864
TEST_0938,0.73817706
TEST_0939,0.6584584
TEST_0940,0.7036629
TEST_0941,0.7867668
TEST_0942,0.85697323
TEST_0943,0.67322814
TEST_0944,0.63006
TEST_0945,0.6619268
TEST_0946,0.67796445
TEST_0947,0.7523083
TEST_0948,0.7037718
TEST_0949,0.6520854
TEST_0950,0.6953853
TEST_0951,0.64164317
TEST_0952,0.63760746
TEST_0953,0.71004885
TEST_0954,0.7719553
TEST_0955,0.63246655
TEST_0956,0.7215317
TEST_0957,0.69551086
TEST_0958,0.6038128
TEST_0959,0.68261814
TEST_0960,0.65870374
TEST_0961,0.73117673
TEST_0962,0.711785
TEST_0963,0.78635335
TEST_0964,0.6738085
TEST_0965,0.6574641
TEST_0966,0.64706975
TEST_0967,0.6669977
TEST_0968,0.725699
TEST_0969,0.82163686
TEST_0970,0.7155752
TEST_0971,0.67941034
TEST_0972,0.6901047
TEST_0973,0.7842082
TEST_0974,0.67084473
TEST_0975,0.7340172
TEST_0976,0.68116397
TEST_0977,0.6128947
TEST_0978,0.7037304
TEST_0979,0.78682154
TEST_0980,0.7132869
TEST_0981,0.7584035
TEST_0982,0.7045596
TEST_0983,0.6628379
TEST_0984,0.7863277
TEST_0985,0.66448826
TEST_0986,0.6099319
TEST_0987,0.67832613
TEST_0988,0.6543602
TEST_0989,0.781329
TEST_0990,0.6939472
TEST_0991,0.75303817
TEST_0992,0.67829573
TEST_0993,0.6611562
TEST_0994,0.7204716
TEST_0995,0.6533529
TEST_0996,0.7345107
TEST_0997,0.66748923
TEST_0998,0.70704275
TEST_0999,0.63591105
TEST_1000,0.8206732
TEST_1001,0.6550024
TEST_1002,0.59094816
TEST_1003,0.72157896
TEST_1004,0.7335122
TEST_1005,0.73278236
TEST_1006,0.5446953
TEST_1007,0.64153165
TEST_1008,0.7017141
TEST_1009,0.6578525
TEST_1010,0.7610131
TEST_1011,0.6651027
TEST_1012,0.73443204
TEST_1013,0.68804723
TEST_1014,0.6436893
TEST_1015,0.7251242
TEST_1016,0.69191444
TEST_1017,0.67327267
TEST_1018,0.70821
TEST_1019,0.6688365
TEST_1020,0.72835475
TEST_1021,0.60426706
TEST_1022,0.69687057
TEST_1023,0.7135815
TEST_1024,0.7199593
TEST_1025,0.61323285
TEST_1026,0.71763587
TEST_1027,0.71542746
TEST_1028,0.6407269
TEST_1029,0.6988561
TEST_1030,0.64247626
TEST_1031,0.68931854
TEST_1032,0.6758953
TEST_1033,0.6424585
TEST_1034,0.6975325
TEST_1035,0.6658696
TEST_1036,0.8150587
TEST_1037,0.73788244
TEST_1038,0.84131527
TEST_1039,0.6012243
TEST_1040,0.65169895
TEST_1041,0.80864125
TEST_1042,0.65743697
TEST_1043,0.74465233
TEST_1044,0.6805999
TEST_1045,0.6724847
TEST_1046,0.71279526
TEST_1047,0.76546365
TEST_1048,0.6626552
TEST_1049,0.7833446
TEST_1050,0.6910272
TEST_1051,0.60492027
TEST_1052,0.6466525
TEST_1053,0.70063925
TEST_1054,0.66003627
TEST_1055,0.58513075
TEST_1056,0.6680512
TEST_1057,0.7721052
TEST_1058,0.6444322
TEST_1059,0.7930763
TEST_1060,0.6870843
TEST_1061,0.7485088
TEST_1062,0.6866045
TEST_1063,0.6668543
TEST_1064,0.7791391
TEST_1065,0.72186875
TEST_1066,0.70319664
TEST_1067,0.74152166
TEST_1068,0.7747526
TEST_1069,0.72036785
TEST_1070,0.5823705
TEST_1071,0.75201803
TEST_1072,0.7955728
TEST_1073,0.61052436
TEST_1074,0.710271
TEST_1075,0.61115724
TEST_1076,0.7074372
TEST_1077,0.8107286
TEST_1078,0.83227694
TEST_1079,0.6349114
TEST_1080,0.7504887
TEST_1081,0.7031117
TEST_1082,0.6508733
TEST_1083,0.6676667
TEST_1084,0.7364459
TEST_1085,0.6817134
TEST_1086,0.85993546
TEST_1087,0.70277584
TEST_1088,0.681929
TEST_1089,0.77089757
TEST_1090,0.6789147
TEST_1091,0.7357989
TEST_1092,0.6800906
TEST_1093,0.782611
TEST_1094,0.5635008
TEST_1095,0.63967645
TEST_1096,0.67623305
TEST_1097,0.72433776
TEST_1098,0.7074426
TEST_1099,0.66307676
TEST_1100,0.60493743
TEST_1101,0.5877992
TEST_1102,0.75921834
TEST_1103,0.6266675
TEST_1104,0.6534983
TEST_1105,0.8237306
TEST_1106,0.6845952
TEST_1107,0.68213934
TEST_1108,0.7304752
TEST_1109,0.648821
TEST_1110,0.6141352
TEST_1111,0.7435797
TEST_1112,0.7445907
TEST_1113,0.67829573
TEST_1114,0.75631714
TEST_1115,0.67210466
TEST_1116,0.7034791
TEST_1117,0.712709
TEST_1118,0.68266386
TEST_1119,0.6143188
TEST_1120,0.7623917
TEST_1121,0.69169086
TEST_1122,0.8295856
TEST_1123,0.5940735
TEST_1124,0.6831394
TEST_1125,0.84798765
TEST_1126,0.7375378
TEST_1127,0.81774807
TEST_1128,0.7275865
TEST_1129,0.7695359
TEST_1130,0.65461
TEST_1131,0.6134739
TEST_1132,0.7198207
TEST_1133,0.5988329
TEST_1134,0.73303735
TEST_1135,0.6986424
TEST_1136,0.78531784
TEST_1137,0.6565919
TEST_1138,0.71140635
TEST_1139,0.7322592
TEST_1140,0.62628865
TEST_1141,0.6835737
TEST_1142,0.7307728
TEST_1143,0.65743697
TEST_1144,0.70540136
TEST_1145,0.7671423
TEST_1146,0.6240019
TEST_1147,0.6533649
TEST_1148,0.5838152
TEST_1149,0.7516095
TEST_1150,0.66393214
TEST_1151,0.6741563
TEST_1152,0.7454494
TEST_1153,0.74483156
TEST_1154,0.693076
TEST_1155,0.62438816
TEST_1156,0.8914299
TEST_1157,0.6851454
TEST_1158,0.5756087
TEST_1159,0.6021509
TEST_1160,0.75573385
TEST_1161,0.68565154
TEST_1162,0.6180801
TEST_1163,0.7639677
TEST_1164,0.66704696
TEST_1165,0.6238343
TEST_1166,0.6644677
TEST_1167,0.69169086
TEST_1168,0.77440983
TEST_1169,0.6337312
TEST_1170,0.6838044
TEST_1171,0.6059934
TEST_1172,0.78647214
TEST_1173,0.8212282
TEST_1174,0.8247086
TEST_1175,0.7589551
TEST_1176,0.7972746
TEST_1177,0.69716686
TEST_1178,0.7074372
TEST_1179,0.6711661
TEST_1180,0.7377778
TEST_1181,0.6777977
TEST_1182,0.65776837
TEST_1183,0.6979607
TEST_1184,0.65461
TEST_1185,0.763988
TEST_1186,0.69669175
TEST_1187,0.79300296
TEST_1188,0.7336094
TEST_1189,0.5616992
TEST_1190,0.68667114
TEST_1191,0.7168599
TEST_1192,0.78297734
TEST_1193,0.7310683
TEST_1194,0.7682042
TEST_1195,0.7301818
TEST_1196,0.6932873
TEST_1197,0.6460418
TEST_1198,0.66941416
TEST_1199,0.6094738
TEST_1200,0.7890828
TEST_1201,0.6875349
TEST_1202,0.65647244
TEST_1203,0.66336465
TEST_1204,0.7544313
TEST_1205,0.73408073
TEST_1206,0.6734569
TEST_1207,0.8182916
TEST_1208,0.82309103
TEST_1209,0.6872779
TEST_1210,0.7166884
TEST_1211,0.6800906
TEST_1212,0.7720032
TEST_1213,0.66720074
TEST_1214,0.68613017
TEST_1215,0.6499076
TEST_1216,0.6928836
TEST_1217,0.68806326
TEST_1218,0.6470561
TEST_1219,0.6412684
TEST_1220,0.6676667
TEST_1221,0.74549663
TEST_1222,0.72269017
TEST_1223,0.7589371
TEST_1224,0.794505
TEST_1225,0.7214663
TEST_1226,0.6877578
TEST_1227,0.6799849
TEST_1228,0.8138297
TEST_1229,0.7598762
TEST_1230,0.7510224
TEST_1231,0.663869
TEST_1232,0.69669175
TEST_1233,0.6159814
TEST_1234,0.7555058
TEST_1235,0.617259
TEST_1236,0.8201494
TEST_1237,0.76050895
TEST_1238,0.6739883
TEST_1239,0.67273617
TEST_1240,0.6688365
TEST_1241,0.65660226
TEST_1242,0.7720153
TEST_1243,0.6045854
TEST_1244,0.68409395
TEST_1245,0.73542637
TEST_1246,0.61930794
TEST_1247,0.7053661
TEST_1248,0.7414408
TEST_1249,0.66294134
TEST_1250,0.65776837
TEST_1251,0.6942235
TEST_1252,0.80864125
TEST_1253,0.68983436
TEST_1254,0.6874723
TEST_1255,0.6002213
TEST_1256,0.8306583
TEST_1257,0.7028323
TEST_1258,0.7694648
TEST_1259,0.79056716
TEST_1260,0.6596789
TEST_1261,0.7081501
TEST_1262,0.62676305
TEST_1263,0.7766139
TEST_1264,0.6854291
TEST_1265,0.78682154
TEST_1266,0.70796907
TEST_1267,0.8060713
TEST_1268,0.73483044
TEST_1269,0.6871933
TEST_1270,0.79646647
TEST_1271,0.6758776
TEST_1272,0.6352825
TEST_1273,0.72093725
TEST_1274,0.67513424
TEST_1275,0.70704275
TEST_1276,0.6375485
TEST_1277,0.66958326
TEST_1278,0.6600098
TEST_1279,0.645173
TEST_1280,0.6238343
TEST_1281,0.7373111
TEST_1282,0.6867532
TEST_1283,0.68599755
TEST_1284,0.7529363
TEST_1285,0.6515556
TEST_1286,0.71898824
TEST_1287,0.70198137
TEST_1288,0.55575156
TEST_1289,0.80132216
TEST_1290,0.7251174
TEST_1291,0.7376498
TEST_1292,0.7716082
TEST_1293,0.69439137
TEST_1294,0.70527816
TEST_1295,0.75880265
TEST_1296,0.6664218
TEST_1297,0.74852306
TEST_1298,0.6951906
TEST_1299,0.6260249
TEST_1300,0.60095686
TEST_1301,0.7198207
TEST_1302,0.66133064
TEST_1303,0.704394
TEST_1304,0.7712185
TEST_1305,0.6365982
TEST_1306,0.732772
TEST_1307,0.7255836
TEST_1308,0.60669184
TEST_1309,0.638811
TEST_1310,0.6664337
TEST_1311,0.69544375
TEST_1312,0.7599645
TEST_1313,0.64321226
TEST_1314,0.70835537
TEST_1315,0.6491265
TEST_1316,0.68085515
TEST_1317,0.64302915
TEST_1318,0.7930763
TEST_1319,0.7075946
TEST_1320,0.6911463
TEST_1321,0.6428422
TEST_1322,0.6140021
TEST_1323,0.6354129
TEST_1324,0.6795979
TEST_1325,0.70783406
TEST_1326,0.71690536
TEST_1327,0.61074054
TEST_1328,0.73346543
TEST_1329,0.639626
TEST_1330,0.706079
TEST_1331,0.61971444
TEST_1332,0.6231266
TEST_1333,0.7889862
TEST_1334,0.70961857
TEST_1335,0.84630847
TEST_1336,0.6952393
TEST_1337,0.6606453
TEST_1338,0.69199353
TEST_1339,0.7297093
TEST_1340,0.71106267
TEST_1341,0.75517035
TEST_1342,0.8124203
TEST_1343,0.665343
TEST_1344,0.7059323
TEST_1345,0.74322665
TEST_1346,0.64751184
TEST_1347,0.5821273
TEST_1348,0.67660517
TEST_1349,0.6175768
TEST_1350,0.8581085
TEST_1351,0.69696844
TEST_1352,0.6968265
TEST_1353,0.6578793
TEST_1354,0.70021796
TEST_1355,0.5585848
TEST_1356,0.65670425
TEST_1357,0.62296903
TEST_1358,0.7310816
TEST_1359,0.6976036
TEST_1360,0.56898355
TEST_1361,0.78325486
TEST_1362,0.7861325
TEST_1363,0.7096563
TEST_1364,0.67932427
TEST_1365,0.576431
TEST_1366,0.7200964
TEST_1367,0.55233866
TEST_1368,0.72760445
TEST_1369,0.63148123
TEST_1370,0.72043294
TEST_1371,0.67950135
TEST_1372,0.6543137
TEST_1373,0.6704924
TEST_1374,0.72269017
TEST_1375,0.6004083
TEST_1376,0.6276456
TEST_1377,0.6668543
TEST_1378,0.71393186
TEST_1379,0.6697631
TEST_1380,0.7034686
TEST_1381,0.8149328
TEST_1382,0.7358794
TEST_1383,0.7423013
TEST_1384,0.7374074
TEST_1385,0.6070762
TEST_1386,0.7585467
TEST_1387,0.76866394
TEST_1388,0.6715647
TEST_1389,0.66523045
TEST_1390,0.6141352
TEST_1391,0.631193
TEST_1392,0.6277735
TEST_1393,0.58148676
TEST_1394,0.57367355
TEST_1395,0.64185816
TEST_1396,0.676372
TEST_1397,0.6258836
TEST_1398,0.6566263
TEST_1399,0.68804723
TEST_1400,0.71150976
TEST_1401,0.7714966
TEST_1402,0.61691386
TEST_1403,0.64675015
TEST_1404,0.73199356
TEST_1405,0.6594888
TEST_1406,0.7047824
TEST_1407,0.618884
TEST_1408,0.7319218
TEST_1409,0.75592625
TEST_1410,0.66435677
TEST_1411,0.6412645
TEST_1412,0.6835737
TEST_1413,0.7028437
TEST_1414,0.74539095
TEST_1415,0.6532034
TEST_1416,0.7975424
TEST_1417,0.63876516
TEST_1418,0.7590867
TEST_1419,0.7066247
TEST_1420,0.6014571
TEST_1421,0.63033825
TEST_1422,0.7020218
TEST_1423,0.7457385
TEST_1424,0.762639
TEST_1425,0.63287514
TEST_1426,0.6898943
TEST_1427,0.64923143
TEST_1428,0.6524661
TEST_1429,0.7884215
TEST_1430,0.8206732
TEST_1431,0.84121746
TEST_1432,0.6010707
TEST_1433,0.6463337
TEST_1434,0.7546835
TEST_1435,0.664595
TEST_1436,0.6267411
TEST_1437,0.7116723
TEST_1438,0.73344165
TEST_1439,0.62363493
TEST_1440,0.79290324
TEST_1441,0.8127585
TEST_1442,0.5787936
TEST_1443,0.64432204
TEST_1444,0.6649478
TEST_1445,0.68837655
TEST_1446,0.66298705
TEST_1447,0.72898173
TEST_1448,0.82763195
TEST_1449,0.6393895
TEST_1450,0.6403876
TEST_1451,0.7290859
TEST_1452,0.73294914
TEST_1453,0.737621
TEST_1454,0.6697109
TEST_1455,0.6456197
TEST_1456,0.62196
TEST_1457,0.8543035
TEST_1458,0.6620312
TEST_1459,0.8662575
TEST_1460,0.6624407
TEST_1461,0.63070315
TEST_1462,0.77282226
TEST_1463,0.6781726
TEST_1464,0.6636514
TEST_1465,0.73532677
TEST_1466,0.75844723
TEST_1467,0.6778189
TEST_1468,0.71210265
TEST_1469,0.660227
TEST_1470,0.76889163
TEST_1471,0.5828045
TEST_1472,0.6350345
TEST_1473,0.74115366
TEST_1474,0.7720032
TEST_1475,0.637516
TEST_1476,0.6586601
TEST_1477,0.7209045
TEST_1478,0.63656956
TEST_1479,0.66989285
TEST_1480,0.63147634
TEST_1481,0.6553803
TEST_1482,0.6004083
TEST_1483,0.743123
TEST_1484,0.62434906
TEST_1485,0.5964232
TEST_1486,0.74728805
TEST_1487,0.6569069
TEST_1488,0.83690715
TEST_1489,0.6067244
TEST_1490,0.6071136
TEST_1491,0.8160669
TEST_1492,0.6534983
TEST_1493,0.77657914
TEST_1494,0.57756025
TEST_1495,0.7577395
TEST_1496,0.7216944
TEST_1497,0.5885315
TEST_1498,0.5794497
TEST_1499,0.74586004
TEST_1500,0.6715854
TEST_1501,0.5788273
TEST_1502,0.62600136
TEST_1503,0.66455436
TEST_1504,0.6130787
TEST_1505,0.7047022
TEST_1506,0.75506693
TEST_1507,0.61104125
TEST_1508,0.5951626
TEST_1509,0.7461936
TEST_1510,0.7215085
TEST_1511,0.6366228
TEST_1512,0.732438
TEST_1513,0.700861
TEST_1514,0.73870814
TEST_1515,0.6416032
TEST_1516,0.669146
TEST_1517,0.7016413
TEST_1518,0.67652434
TEST_1519,0.80988246
TEST_1520,0.79133594
TEST_1521,0.5809584
TEST_1522,0.8662575
TEST_1523,0.74939454
TEST_1524,0.7058914
TEST_1525,0.73243797
TEST_1526,0.8013474
TEST_1527,0.7584375
TEST_1528,0.71745616
TEST_1529,0.693076
TEST_1530,0.6038128
TEST_1531,0.6649853
TEST_1532,0.6565559
TEST_1533,0.7484728
TEST_1534,0.6408547
TEST_1535,0.6177918
TEST_1536,0.67315567
TEST_1537,0.7368623
TEST_1538,0.7037615
TEST_1539,0.6555925
TEST_1540,0.6288439
TEST_1541,0.7048427
TEST_1542,0.5805647
TEST_1543,0.6276553
TEST_1544,0.6396699
TEST_1545,0.7465564
TEST_1546,0.6685965
TEST_1547,0.68665004
TEST_1548,0.53624743
TEST_1549,0.64137083
TEST_1550,0.6746009
TEST_1551,0.8124203
TEST_1552,0.61314255
TEST_1553,0.5522634
TEST_1554,0.665336
TEST_1555,0.64979833
TEST_1556,0.66415054
TEST_1557,0.66106385
TEST_1558,0.7411715
TEST_1559,0.71106267
TEST_1560,0.76833403
TEST_1561,0.69858253
TEST_1562,0.7104772
TEST_1563,0.7766139
TEST_1564,0.69433105
TEST_1565,0.71898824
TEST_1566,0.657225
TEST_1567,0.7074372
TEST_1568,0.7626347
TEST_1569,0.70157593
TEST_1570,0.6436893
TEST_1571,0.81422174
TEST_1572,0.6069776
TEST_1573,0.75679076
TEST_1574,0.6050953
TEST_1575,0.69483715
TEST_1576,0.7785482
TEST_1577,0.7214211
TEST_1578,0.8314751
TEST_1579,0.7693607
TEST_1580,0.7695359
TEST_1581,0.7796044
TEST_1582,0.67241895
TEST_1583,0.72640264
TEST_1584,0.60785663
TEST_1585,0.6110173
TEST_1586,0.6173847
TEST_1587,0.7353814
TEST_1588,0.7778905
TEST_1589,0.778174
TEST_1590,0.6535969
TEST_1591,0.6967535
TEST_1592,0.70319664
TEST_1593,0.64285535
TEST_1594,0.7442371
TEST_1595,0.6472302
TEST_1596,0.6689292
TEST_1597,0.65848917
TEST_1598,0.7411087
TEST_1599,0.70747036
TEST_1600,0.81068003
TEST_1601,0.79917234
TEST_1602,0.7024983
TEST_1603,0.7074718
TEST_1604,0.67483026
TEST_1605,0.6398657
TEST_1606,0.6718346
TEST_1607,0.68641704
TEST_1608,0.6231266
TEST_1609,0.6488237
TEST_1610,0.6092027
TEST_1611,0.66256744
TEST_1612,0.71237683
TEST_1613,0.56470674
TEST_1614,0.67077106
TEST_1615,0.73386925
TEST_1616,0.61657333
TEST_1617,0.7619278
TEST_1618,0.6885536
TEST_1619,0.7014924
TEST_1620,0.5756087
TEST_1621,0.675172
TEST_1622,0.61531824
TEST_1623,0.651533
TEST_1624,0.6211438
TEST_1625,0.7342359
TEST_1626,0.62543666
TEST_1627,0.73757285
TEST_1628,0.80502963
TEST_1629,0.78792
TEST_1630,0.71412456
TEST_1631,0.7391968
TEST_1632,0.73071223
TEST_1633,0.68855107
TEST_1634,0.7035948
TEST_1635,0.692512
TEST_1636,0.6897923
TEST_1637,0.7565427
TEST_1638,0.5939369
TEST_1639,0.67017716
TEST_1640,0.6616774
TEST_1641,0.6683953
TEST_1642,0.6629737
TEST_1643,0.7084957
TEST_1644,0.7940707
TEST_1645,0.6969091
TEST_1646,0.70901316
TEST_1647,0.70936567
TEST_1648,0.62370557
TEST_1649,0.8306838
TEST_1650,0.79754245
TEST_1651,0.8377426
TEST_1652,0.632969
TEST_1653,0.71262306
TEST_1654,0.65848917
TEST_1655,0.781329
TEST_1656,0.66859
TEST_1657,0.7984378
TEST_1658,0.7984378
TEST_1659,0.75497496
TEST_1660,0.70402545
TEST_1661,0.7321708
TEST_1662,0.66404563
TEST_1663,0.711785
TEST_1664,0.66404563
TEST_1665,0.68727636
TEST_1666,0.6317685
TEST_1667,0.7184501
TEST_1668,0.78812623
TEST_1669,0.709196
TEST_1670,0.61698246
TEST_1671,0.67353886
TEST_1672,0.7694648
TEST_1673,0.6521243
TEST_1674,0.6472426
TEST_1675,0.70602065
TEST_1676,0.7863277
TEST_1677,0.69104594
TEST_1678,0.77205986
TEST_1679,0.65084726
TEST_1680,0.77320206
TEST_1681,0.6448426
TEST_1682,0.75409245
TEST_1683,0.6355162
TEST_1684,0.5534459
TEST_1685,0.66730833
TEST_1686,0.60414284
TEST_1687,0.75099033
TEST_1688,0.7074678
TEST_1689,0.7540626
TEST_1690,0.7355909
TEST_1691,0.62355584
TEST_1692,0.6678759
TEST_1693,0.7516454
TEST_1694,0.7014924
TEST_1695,0.6703825
TEST_1696,0.69938755
TEST_1697,0.72731787
TEST_1698,0.7364182
TEST_1699,0.6430901
TEST_1700,0.6211479
TEST_1701,0.7343334
TEST_1702,0.81774807
TEST_1703,0.7584375
TEST_1704,0.6158194
TEST_1705,0.5849454
TEST_1706,0.62977326
TEST_1707,0.73514867
TEST_1708,0.7461062
TEST_1709,0.70322174
TEST_1710,0.575413
TEST_1711,0.70171314
TEST_1712,0.62363493
TEST_1713,0.6019527
TEST_1714,0.7058988
TEST_1715,0.72290766
TEST_1716,0.72944635
TEST_1717,0.7458606
TEST_1718,0.59579974
TEST_1719,0.8181921
TEST_1720,0.61971444
TEST_1721,0.60782534
TEST_1722,0.64443976
TEST_1723,0.77404827
TEST_1724,0.7254938
TEST_1725,0.68085515
TEST_1726,0.8135368
TEST_1727,0.6095276
TEST_1728,0.70171314
TEST_1729,0.7217227
TEST_1730,0.79289
TEST_1731,0.804857
TEST_1732,0.55990106
TEST_1733,0.6196883
TEST_1734,0.71378374
TEST_1735,0.66025937
TEST_1736,0.6272865
TEST_1737,0.7894507
TEST_1738,0.6789499
TEST_1739,0.51036525
TEST_1740,0.6139252
TEST_1741,0.6096434
TEST_1742,0.6643311
TEST_1743,0.7088702
TEST_1744,0.815063
TEST_1745,0.7177268
TEST_1746,0.69534975
TEST_1747,0.6534904
TEST_1748,0.67084473
TEST_1749,0.6172743
TEST_1750,0.63409245
TEST_1751,0.77775943
TEST_1752,0.67622983
TEST_1753,0.7555058
TEST_1754,0.63681155
TEST_1755,0.5794497
TEST_1756,0.6668928
TEST_1757,0.6442002
TEST_1758,0.6323664
TEST_1759,0.6631286
TEST_1760,0.6501519
TEST_1761,0.79087067
TEST_1762,0.68480444
TEST_1763,0.6211479
TEST_1764,0.67507213
TEST_1765,0.6444199
TEST_1766,0.8080138
TEST_1767,0.7780349
TEST_1768,0.63466954
TEST_1769,0.68368334
TEST_1770,0.68727636
TEST_1771,0.6026325
TEST_1772,0.71210265
TEST_1773,0.8073148
TEST_1774,0.70527816
TEST_1775,0.85941744
TEST_1776,0.6456197
TEST_1777,0.6590269
TEST_1778,0.5911856
TEST_1779,0.61838526
TEST_1780,0.78792
TEST_1781,0.6210749
TEST_1782,0.8013474
TEST_1783,0.68876517
TEST_1784,0.7281156
TEST_1785,0.67875004
TEST_1786,0.70575243
TEST_1787,0.74212575
TEST_1788,0.67017716
TEST_1789,0.71261483
TEST_1790,0.6390983
TEST_1791,0.80424386
TEST_1792,0.7214211
TEST_1793,0.6522631
TEST_1794,0.7863017
TEST_1795,0.7277913
TEST_1796,0.7359329
TEST_1797,0.72453195
TEST_1798,0.68806326
TEST_1799,0.6405476
TEST_1800,0.6048663
TEST_1801,0.6550024
TEST_1802,0.8144039
TEST_1803,0.6651119
TEST_1804,0.68695587
TEST_1805,0.74354154
TEST_1806,0.7629256
TEST_1807,0.7338692
TEST_1808,0.5797594
TEST_1809,0.77404827
TEST_1810,0.7549267
TEST_1811,0.6203187
TEST_1812,0.6102667
TEST_1813,0.68601984
TEST_1814,0.7287952
TEST_1815,0.61609006
TEST_1816,0.8066398
TEST_1817,0.6638868
TEST_1818,0.7230291
TEST_1819,0.6689292
TEST_1820,0.6258423
TEST_1821,0.75757474
TEST_1822,0.6256114
TEST_1823,0.7431325
TEST_1824,0.82993394
TEST_1825,0.640741
TEST_1826,0.73071223
TEST_1827,0.72855765
TEST_1828,0.69360715
TEST_1829,0.6866714
TEST_1830,0.7216944
TEST_1831,0.61874914
TEST_1832,0.7516095
TEST_1833,0.6569069
TEST_1834,0.8676836
TEST_1835,0.6328966
TEST_1836,0.6354701
TEST_1837,0.73514867
TEST_1838,0.864516
TEST_1839,0.70178324
TEST_1840,0.70821
TEST_1841,0.72766125
TEST_1842,0.7507052
TEST_1843,0.65670425
TEST_1844,0.63401014
TEST_1845,0.75221604
TEST_1846,0.7765561
TEST_1847,0.66241467
TEST_1848,0.7302895
TEST_1849,0.6451925
TEST_1850,0.61396605
TEST_1851,0.74958867
TEST_1852,0.70402545
TEST_1853,0.6839649
TEST_1854,0.6824045
TEST_1855,0.67224574
TEST_1856,0.6704401
TEST_1857,0.60204935
TEST_1858,0.78719765
TEST_1859,0.6565101
TEST_1860,0.8454814
TEST_1861,0.6701916
TEST_1862,0.6636348
TEST_1863,0.6972901
TEST_1864,0.66183037
TEST_1865,0.6824045
TEST_1866,0.6215621
TEST_1867,0.72856385
TEST_1868,0.69429606
TEST_1869,0.6383192
TEST_1870,0.7093493
TEST_1871,0.565966
TEST_1872,0.6396699
TEST_1873,0.65899795
TEST_1874,0.6416032
TEST_1875,0.6838257
TEST_1876,0.5981992
TEST_1877,0.73788244
TEST_1878,0.65191936
TEST_1879,0.75221604
TEST_1880,0.65255564
TEST_1881,0.75896096
TEST_1882,0.8075321
TEST_1883,0.65438944
TEST_1884,0.66627896
TEST_1885,0.736694
TEST_1886,0.680188
TEST_1887,0.71133226
TEST_1888,0.6902244
TEST_1889,0.60044974
TEST_1890,0.70861214
TEST_1891,0.7310683
TEST_1892,0.6984876
TEST_1893,0.6279639
TEST_1894,0.8069676
TEST_1895,0.6262985
TEST_1896,0.6337312
TEST_1897,0.59686166
TEST_1898,0.7558624
TEST_1899,0.5980457
TEST_1900,0.72517705
TEST_1901,0.72614735
TEST_1902,0.7573813
TEST_1903,0.6977382
TEST_1904,0.70861214
TEST_1905,0.8270549
TEST_1906,0.6279639
TEST_1907,0.75896907
TEST_1908,0.69461745
TEST_1909,0.73596454
TEST_1910,0.7697663
TEST_1911,0.7496403
TEST_1912,0.736172
TEST_1913,0.8676836
TEST_1914,0.71618354
TEST_1915,0.80455637
TEST_1916,0.6746594
TEST_1917,0.6830794
TEST_1918,0.7599645
TEST_1919,0.74115366
TEST_1920,0.82241184
TEST_1921,0.74539095
TEST_1922,0.7450874
TEST_1923,0.7028323
TEST_1924,0.681929
TEST_1925,0.6988561
TEST_1926,0.69651216
TEST_1927,0.6960831
TEST_1928,0.748681
TEST_1929,0.6789829
TEST_1930,0.66408116
TEST_1931,0.62543666
TEST_1932,0.6855512
TEST_1933,0.612392
TEST_1934,0.7462585
TEST_1935,0.73910934
TEST_1936,0.6590218
TEST_1937,0.8026003
TEST_1938,0.694392
TEST_1939,0.64059913
TEST_1940,0.78797245
TEST_1941,0.7584975
TEST_1942,0.6597887
TEST_1943,0.7126024
TEST_1944,0.60712445
TEST_1945,0.6755974
TEST_1946,0.7497085
TEST_1947,0.60785663
TEST_1948,0.6334633
TEST_1949,0.5885315
TEST_1950,0.8105548
TEST_1951,0.70277584
TEST_1952,0.6549488
TEST_1953,0.64930624
TEST_1954,0.60044974
TEST_1955,0.6731721
TEST_1956,0.69880414
TEST_1957,0.6874005
TEST_1958,0.66308004
TEST_1959,0.71177655
TEST_1960,0.6012472
TEST_1961,0.730814
TEST_1962,0.60764414
TEST_1963,0.69687057
TEST_1964,0.73443204
TEST_1965,0.8219582
TEST_1966,0.7561773
TEST_1967,0.6203187
TEST_1968,0.65411973
TEST_1969,0.7584975
TEST_1970,0.61632556
TEST_1971,0.7605883
TEST_1972,0.6812247
TEST_1973,0.65761924
TEST_1974,0.7561043
TEST_1975,0.68155664
TEST_1976,0.7202143
TEST_1977,0.69544375
TEST_1978,0.7940963
TEST_1979,0.6904658
TEST_1980,0.6927797
TEST_1981,0.6576716
TEST_1982,0.6417835
TEST_1983,0.78183615
TEST_1984,0.59021854
TEST_1985,0.5787677
TEST_1986,0.6284559
TEST_1987,0.7164955
TEST_1988,0.61053777
TEST_1989,0.6664218
TEST_1990,0.7684693
TEST_1991,0.713405
TEST_1992,0.68261814
TEST_1993,0.77539265
TEST_1994,0.65761924
TEST_1995,0.6467856
TEST_1996,0.7949641
TEST_1997,0.75451016
TEST_1998,0.5644579
TEST_1999,0.680848
TEST_2000,0.7330175
TEST_2001,0.6533209
TEST_2002,0.80251706
TEST_2003,0.69173527
TEST_2004,0.7090196
TEST_2005,0.8177572
TEST_2006,0.6677847
TEST_2007,0.6175768
TEST_2008,0.6651943
TEST_2009,0.70290613
TEST_2010,0.7160735
TEST_2011,0.60389745
TEST_2012,0.6854291
TEST_2013,0.71450526
TEST_2014,0.8165498
TEST_2015,0.63018775
TEST_2016,0.7307728
TEST_2017,0.7711273
TEST_2018,0.7300087
TEST_2019,0.63743913
TEST_2020,0.5823705
TEST_2021,0.7128177
TEST_2022,0.6416479
TEST_2023,0.8190283
TEST_2024,0.69806576
TEST_2025,0.6534031
TEST_2026,0.69670635
TEST_2027,0.6832239
TEST_2028,0.61222625
TEST_2029,0.63293725
TEST_2030,0.6630953
TEST_2031,0.71430904
TEST_2032,0.63774407
TEST_2033,0.7589551
TEST_2034,0.6196883
TEST_2035,0.6436097
TEST_2036,0.7793988
TEST_2037,0.68495154
TEST_2038,0.63281053
TEST_2039,0.67660517
TEST_2040,0.6565919
TEST_2041,0.6188836
TEST_2042,0.71452844
TEST_2043,0.7048427
TEST_2044,0.77320206
TEST_2045,0.6788109
TEST_2046,0.6578787
TEST_2047,0.62685597
TEST_2048,0.815063
TEST_2049,0.6401781
TEST_2050,0.73303735
TEST_2051,0.8165498
TEST_2052,0.69938356
TEST_2053,0.7209045
TEST_2054,0.64709693
TEST_2055,0.7617114
TEST_2056,0.74169403
TEST_2057,0.696124
TEST_2058,0.7243719
TEST_2059,0.6985434
TEST_2060,0.69167274
TEST_2061,0.70888925
TEST_2062,0.61158127
TEST_2063,0.7265672
TEST_2064,0.7949793
TEST_2065,0.6890726
TEST_2066,0.7506355
TEST_2067,0.67859864
TEST_2068,0.56786025
TEST_2069,0.6840197
TEST_2070,0.6960831
TEST_2071,0.620193
TEST_2072,0.6535317
TEST_2073,0.7571301
TEST_2074,0.73059434
TEST_2075,0.7038533
TEST_2076,0.5821273
TEST_2077,0.7020218
TEST_2078,0.7454495
TEST_2079,0.6444199
TEST_2080,0.6546913
TEST_2081,0.6609292
TEST_2082,0.7712185
TEST_2083,0.7549857
TEST_2084,0.70387435
TEST_2085,0.6628144
TEST_2086,0.8814081
TEST_2087,0.7439635
TEST_2088,0.6164488
TEST_2089,0.77320206
TEST_2090,0.77838403
TEST_2091,0.55316436
TEST_2092,0.64652324
TEST_2093,0.6827827
TEST_2094,0.710211
TEST_2095,0.7126317
TEST_2096,0.75029427
TEST_2097,0.69744277
TEST_2098,0.6982684
TEST_2099,0.77913773
TEST_2100,0.6129423
TEST_2101,0.72432685
TEST_2102,0.6235716
TEST_2103,0.70694584
TEST_2104,0.7215085
TEST_2105,0.7300087
TEST_2106,0.64440566
TEST_2107,0.8247294
TEST_2108,0.65740824
TEST_2109,0.6425554
TEST_2110,0.64655155
TEST_2111,0.5836407
TEST_2112,0.662347
TEST_2113,0.6761885
TEST_2114,0.70800346
TEST_2115,0.62828803
TEST_2116,0.77584165
TEST_2117,0.7168599
TEST_2118,0.70387256
TEST_2119,0.6941482
TEST_2120,0.64575815
TEST_2121,0.7804053
TEST_2122,0.6972588
TEST_2123,0.7867506
TEST_2124,0.7287952
TEST_2125,0.78921306
TEST_2126,0.71715194
TEST_2127,0.6436097
TEST_2128,0.64069295
TEST_2129,0.68945813
TEST_2130,0.6831394
TEST_2131,0.76050895
TEST_2132,0.85697323
TEST_2133,0.6972353
TEST_2134,0.7357448
TEST_2135,0.57890624
TEST_2136,0.66940695
TEST_2137,0.69693863
TEST_2138,0.5855871
TEST_2139,0.73532677
TEST_2140,0.7551654
TEST_2141,0.83872664
TEST_2142,0.58163977
TEST_2143,0.5951909
TEST_2144,0.75880265
TEST_2145,0.6870148
TEST_2146,0.68116397
TEST_2147,0.5483183
TEST_2148,0.6692921
TEST_2149,0.6941482
TEST_2150,0.67040676
TEST_2151,0.70669407
TEST_2152,0.77365816
TEST_2153,0.75819725
TEST_2154,0.7164318
TEST_2155,0.6216995
TEST_2156,0.61008006
TEST_2157,0.7288082
TEST_2158,0.67470723
TEST_2159,0.6801196
TEST_2160,0.60054785
TEST_2161,0.688602
TEST_2162,0.6321823
TEST_2163,0.54517037
TEST_2164,0.6603839
TEST_2165,0.59247434
TEST_2166,0.6704442
TEST_2167,0.6893343
TEST_2168,0.7107952
TEST_2169,0.6601911
TEST_2170,0.6435566
TEST_2171,0.7529363
TEST_2172,0.717163
TEST_2173,0.6523536
TEST_2174,0.7200964
TEST_2175,0.6685323
TEST_2176,0.67812014
TEST_2177,0.7044209
TEST_2178,0.66430867
TEST_2179,0.63314784
TEST_2180,0.8002538
TEST_2181,0.64042073
TEST_2182,0.6617025
TEST_2183,0.6667877
TEST_2184,0.64164317
TEST_2185,0.8022115
TEST_2186,0.72129685
TEST_2187,0.6159814
TEST_2188,0.6799605
TEST_2189,0.6539075
TEST_2190,0.6687354
TEST_2191,0.70262414
TEST_2192,0.62899345
TEST_2193,0.71332186
TEST_2194,0.66483945
TEST_2195,0.7104772
TEST_2196,0.62798005
TEST_2197,0.6076934
TEST_2198,0.64763784
TEST_2199,0.90482354
TEST_2200,0.71283865
TEST_2201,0.6784609
TEST_2202,0.6718346
TEST_2203,0.67875004
TEST_2204,0.808479
TEST_2205,0.81875765
TEST_2206,0.7045596
TEST_2207,0.66436523
TEST_2208,0.674331
TEST_2209,0.6746594
TEST_2210,0.6256114
TEST_2211,0.67515737
TEST_2212,0.6026325
TEST_2213,0.70277405
TEST_2214,0.82394487
TEST_2215,0.7803194
TEST_2216,0.6902308
TEST_2217,0.64472896
TEST_2218,0.736694
TEST_2219,0.6439375
TEST_2220,0.6692879
TEST_2221,0.59948564
TEST_2222,0.613308
TEST_2223,0.6200306
TEST_2224,0.76640695
TEST_2225,0.6166312
TEST_2226,0.5598791
TEST_2227,0.7026905
TEST_2228,0.72587776
TEST_2229,0.6451925
TEST_2230,0.65541804
TEST_2231,0.8219384
TEST_2232,0.60343665
TEST_2233,0.69938356
TEST_2234,0.7679056
TEST_2235,0.79945916
TEST_2236,0.76142883
TEST_2237,0.67680424
TEST_2238,0.6216995
TEST_2239,0.7245886
TEST_2240,0.65092385
TEST_2241,0.7833446
TEST_2242,0.8013977
TEST_2243,0.6488974
TEST_2244,0.6746906
TEST_2245,0.61808705
TEST_2246,0.74940246
TEST_2247,0.6487863
TEST_2248,0.76201123
TEST_2249,0.66853476
TEST_2250,0.6897346
TEST_2251,0.6296375
TEST_2252,0.68247104
TEST_2253,0.8314751
TEST_2254,0.6918451
TEST_2255,0.7434402
TEST_2256,0.57921654
TEST_2257,0.57380384
TEST_2258,0.68982565
TEST_2259,0.6528757
TEST_2260,0.6515556
TEST_2261,0.6534904
TEST_2262,0.69191444
TEST_2263,0.6960296
TEST_2264,0.74965614
TEST_2265,0.67908597
TEST_2266,0.6891137
TEST_2267,0.67623305
TEST_2268,0.7060102
TEST_2269,0.6198548
TEST_2270,0.7387078
TEST_2271,0.61314255
TEST_2272,0.6825443
TEST_2273,0.6317644
TEST_2274,0.6591018
TEST_2275,0.70083165
TEST_2276,0.6488237
TEST_2277,0.6159671
TEST_2278,0.7184644
TEST_2279,0.8193296
TEST_2280,0.6045854
TEST_2281,0.7668042
TEST_2282,0.63099974
TEST_2283,0.6985434
TEST_2284,0.7075781
TEST_2285,0.66241467
TEST_2286,0.66733843
TEST_2287,0.7147602
TEST_2288,0.6866045
TEST_2289,0.6853967
TEST_2290,0.83227694
TEST_2291,0.74080217
TEST_2292,0.6800607
TEST_2293,0.792522
TEST_2294,0.69772977
TEST_2295,0.7409995
TEST_2296,0.59559315
TEST_2297,0.6265382
TEST_2298,0.77212274
TEST_2299,0.77710795
TEST_2300,0.7896137
TEST_2301,0.7847465
TEST_2302,0.68804026
TEST_2303,0.51036525
TEST_2304,0.6895885
TEST_2305,0.79214
TEST_2306,0.7006497
TEST_2307,0.7214135
TEST_2308,0.62082
TEST_2309,0.6799849
TEST_2310,0.63151103
TEST_2311,0.65433675
TEST_2312,0.65879965
TEST_2313,0.65722847
TEST_2314,0.83457184
TEST_2315,0.7281156
TEST_2316,0.6273914
TEST_2317,0.6396019
TEST_2318,0.6249578
TEST_2319,0.59564215
TEST_2320,0.6973851
TEST_2321,0.8123394
TEST_2322,0.7420719
TEST_2323,0.7467736
TEST_2324,0.6729463
TEST_2325,0.5742401
TEST_2326,0.5828045
TEST_2327,0.6736994
TEST_2328,0.57787013
TEST_2329,0.6613791
TEST_2330,0.80804175
TEST_2331,0.7778443
TEST_2332,0.6799109
TEST_2333,0.66139233
TEST_2334,0.7135238
TEST_2335,0.68968695
TEST_2336,0.6677825
TEST_2337,0.66466534
TEST_2338,0.70734686
TEST_2339,0.79466844
TEST_2340,0.6048663
TEST_2341,0.6804683
TEST_2342,0.7182145
TEST_2343,0.7141293
TEST_2344,0.85941744
TEST_2345,0.85993546
TEST_2346,0.72129685
TEST_2347,0.7564831
TEST_2348,0.58383226
TEST_2349,0.6012472
TEST_2350,0.6416479
TEST_2351,0.6977511
TEST_2352,0.6285509
TEST_2353,0.737621
TEST_2354,0.6234539
TEST_2355,0.67974895
TEST_2356,0.7254506
TEST_2357,0.75650567
TEST_2358,0.76974446
TEST_2359,0.6328265
TEST_2360,0.6660329
TEST_2361,0.77621955
TEST_2362,0.81727463
TEST_2363,0.6936072
TEST_2364,0.7411715
TEST_2365,0.6354176
TEST_2366,0.71327907
TEST_2367,0.7276473
TEST_2368,0.71971005
TEST_2369,0.6396895
TEST_2370,0.7978061
TEST_2371,0.7309256
TEST_2372,0.7018498
TEST_2373,0.67898715
TEST_2374,0.6139252
TEST_2375,0.6327707
TEST_2376,0.7639651
TEST_2377,0.76985645
TEST_2378,0.654823
TEST_2379,0.6555925
TEST_2380,0.58513075
TEST_2381,0.65872914
TEST_2382,0.73117673
TEST_2383,0.65647244
TEST_2384,0.63566566
TEST_2385,0.6898181
TEST_2386,0.6269126
TEST_2387,0.539757
TEST_2388,0.78942907
TEST_2389,0.7214663
TEST_2390,0.64897615
TEST_2391,0.8058585
TEST_2392,0.66436523
TEST_2393,0.78485125
TEST_2394,0.6584816
TEST_2395,0.6456949
TEST_2396,0.75893754
TEST_2397,0.70902693
TEST_2398,0.6851454
TEST_2399,0.6895885
TEST_2400,0.73673517
TEST_2401,0.6851926
TEST_2402,0.6511376
TEST_2403,0.701327
TEST_2404,0.7249571
TEST_2405,0.66710895
TEST_2406,0.6885536
TEST_2407,0.7245886
TEST_2408,0.63458544
TEST_2409,0.6601447
TEST_2410,0.73117673
TEST_2411,0.7445907
TEST_2412,0.6023614
TEST_2413,0.61096805
TEST_2414,0.71332186
TEST_2415,0.6895538
TEST_2416,0.8075321
TEST_2417,0.66664535
TEST_2418,0.8186651
TEST_2419,0.76471996
TEST_2420,0.6074179
TEST_2421,0.6222955
TEST_2422,0.5732295
TEST_2423,0.63983375
TEST_2424,0.67565334
TEST_2425,0.8219384
TEST_2426,0.6826607
TEST_2427,0.6796156
TEST_2428,0.83457184
TEST_2429,0.6904658
TEST_2430,0.66183037
TEST_2431,0.55770797
TEST_2432,0.6803777
TEST_2433,0.78602415
TEST_2434,0.7657159
TEST_2435,0.71416706
TEST_2436,0.7434705
TEST_2437,0.84798765
TEST_2438,0.68347895
TEST_2439,0.5782816
TEST_2440,0.5957487
TEST_2441,0.6940956
TEST_2442,0.68597895
TEST_2443,0.79447824
TEST_2444,0.6767257
TEST_2445,0.65560114
TEST_2446,0.7714966
TEST_2447,0.69806576
TEST_2448,0.6712368
TEST_2449,0.7204925
TEST_2450,0.64830446
TEST_2451,0.64409465
TEST_2452,0.6728906
TEST_2453,0.6666153
TEST_2454,0.68683326
TEST_2455,0.6638868
TEST_2456,0.6628144
TEST_2457,0.79639924
TEST_2458,0.675142
TEST_2459,0.8034094
TEST_2460,0.7615597
TEST_2461,0.6323664
TEST_2462,0.70400923
TEST_2463,0.85187024
TEST_2464,0.6781325
TEST_2465,0.7207423
TEST_2466,0.7249031
TEST_2467,0.6794556
TEST_2468,0.6685855
TEST_2469,0.64508367
TEST_2470,0.68807906
TEST_2471,0.6661102
TEST_2472,0.80988246
TEST_2473,0.6633567
TEST_2474,0.66770756
TEST_2475,0.7615597
TEST_2476,0.8060894
TEST_2477,0.6644515
TEST_2478,0.72730386
TEST_2479,0.66904384
TEST_2480,0.644758
TEST_2481,0.64443976
TEST_2482,0.5767372
TEST_2483,0.7955728
TEST_2484,0.6223706
TEST_2485,0.68460155
TEST_2486,0.78642476
TEST_2487,0.7827537
TEST_2488,0.71080226
TEST_2489,0.65801513
TEST_2490,0.6587411
TEST_2491,0.62240094
TEST_2492,0.7207666
TEST_2493,0.72778326
TEST_2494,0.7982103
TEST_2495,0.7400904
TEST_2496,0.6234814
TEST_2497,0.78942907
TEST_2498,0.5851726
TEST_2499,0.70298123
TEST_2500,0.6396895
TEST_2501,0.746442
TEST_2502,0.7485523
TEST_2503,0.6505525
TEST_2504,0.6636348
TEST_2505,0.63517714
TEST_2506,0.7309256
TEST_2507,0.65760845
TEST_2508,0.7147602
TEST_2509,0.7060102
TEST_2510,0.64265966
TEST_2511,0.6591003
TEST_2512,0.81563395
TEST_2513,0.81727463
TEST_2514,0.67353886
TEST_2515,0.78221375
TEST_2516,0.7403578
TEST_2517,0.6697109
TEST_2518,0.644758
TEST_2519,0.7076148
TEST_2520,0.66377425
TEST_2521,0.70114
TEST_2522,0.6456416
TEST_2523,0.6873693
TEST_2524,0.66924274
TEST_2525,0.7232477
TEST_2526,0.7090912
TEST_2527,0.7265672
TEST_2528,0.7055319
TEST_2529,0.68565154
TEST_2530,0.71745616
TEST_2531,0.6696358
TEST_2532,0.76631624
TEST_2533,0.699006
TEST_2534,0.613678
TEST_2535,0.6936072
TEST_2536,0.72835875
TEST_2537,0.66731495
TEST_2538,0.68482107
TEST_2539,0.70070827
TEST_2540,0.8290162
TEST_2541,0.70575017
TEST_2542,0.5968208
TEST_2543,0.68717265
TEST_2544,0.8596773
TEST_2545,0.70298123
TEST_2546,0.6634776
TEST_2547,0.7252544
TEST_2548,0.5855275
TEST_2549,0.78719765
TEST_2550,0.67000026
TEST_2551,0.6313068
TEST_2552,0.67315567
TEST_2553,0.63786256
TEST_2554,0.53121316
TEST_2555,0.5644579
TEST_2556,0.58728063
TEST_2557,0.69390625
TEST_2558,0.7285954
TEST_2559,0.62828803
TEST_2560,0.7235976
TEST_2561,0.7111321
TEST_2562,0.6798716
TEST_2563,0.64838463
TEST_2564,0.7711605
TEST_2565,0.72115755
TEST_2566,0.7198416
TEST_2567,0.7095952
TEST_2568,0.70694584
TEST_2569,0.68548113
TEST_2570,0.73910934
TEST_2571,0.67646617
TEST_2572,0.71255803
TEST_2573,0.6116336
TEST_2574,0.59564215
TEST_2575,0.7041986
TEST_2576,0.704506
TEST_2577,0.6649853
TEST_2578,0.7347212
TEST_2579,0.57380384
TEST_2580,0.6575238
TEST_2581,0.6499076
TEST_2582,0.76985645
TEST_2583,0.68129987
TEST_2584,0.6744612
TEST_2585,0.62971896
TEST_2586,0.7879451
TEST_2587,0.7896754
TEST_2588,0.7225683
TEST_2589,0.676298
TEST_2590,0.7591371
TEST_2591,0.6496285
TEST_2592,0.6557311
TEST_2593,0.6731863
TEST_2594,0.82763195
TEST_2595,0.58696675
TEST_2596,0.77187765
TEST_2597,0.7127912
TEST_2598,0.6649478
TEST_2599,0.6229347
TEST_2600,0.65438944
TEST_2601,0.6273179
TEST_2602,0.69662607
TEST_2603,0.71505594
TEST_2604,0.71032053
TEST_2605,0.66125935
TEST_2606,0.6671789
TEST_2607,0.7115923
TEST_2608,0.6741563
TEST_2609,0.6479559
TEST_2610,0.6724847
TEST_2611,0.7288082
TEST_2612,0.7017141
TEST_2613,0.70783406
TEST_2614,0.71615666
TEST_2615,0.7037615
TEST_2616,0.7408367
TEST_2617,0.6811327
TEST_2618,0.74483156
TEST_2619,0.6378463
TEST_2620,0.65387154
TEST_2621,0.78642476
TEST_2622,0.7340172
TEST_2623,0.71327907
TEST_2624,0.77205986
TEST_2625,0.6762086
TEST_2626,0.8305355
TEST_2627,0.79719085
TEST_2628,0.67908597
TEST_2629,0.5882284
TEST_2630,0.703252
TEST_2631,0.7240353
TEST_2632,0.70272666
TEST_2633,0.63151103
TEST_2634,0.63718635
TEST_2635,0.64277977
TEST_2636,0.7573802
TEST_2637,0.7312683
TEST_2638,0.6719911
TEST_2639,0.60866976
TEST_2640,0.74868095
TEST_2641,0.7372853
TEST_2642,0.7420719
TEST_2643,0.7597232
TEST_2644,0.664413
TEST_2645,0.6844441
TEST_2646,0.651533
TEST_2647,0.77467245
TEST_2648,0.7002442
TEST_2649,0.7348315
TEST_2650,0.6565559
TEST_2651,0.74354154
TEST_2652,0.5533915
TEST_2653,0.6541274
TEST_2654,0.593379
TEST_2655,0.6533649
TEST_2656,0.69716686
TEST_2657,0.7000123
TEST_2658,0.76471996
TEST_2659,0.7461062
TEST_2660,0.6383473
TEST_2661,0.64629185
TEST_2662,0.6686171
TEST_2663,0.6863575
TEST_2664,0.753264
TEST_2665,0.73243797
TEST_2666,0.63566566
TEST_2667,0.63614416
TEST_2668,0.77343583
TEST_2669,0.78913885
TEST_2670,0.7018498
TEST_2671,0.8046168
TEST_2672,0.617259
TEST_2673,0.6062347
TEST_2674,0.69417256
TEST_2675,0.62934446
TEST_2676,0.690395
TEST_2677,0.65560114
TEST_2678,0.6623354
TEST_2679,0.6145382
TEST_2680,0.61008006
TEST_2681,0.81204635
TEST_2682,0.6603839
TEST_2683,0.5940735
TEST_2684,0.5428717
TEST_2685,0.64799064
TEST_2686,0.67054623
TEST_2687,0.7539629
TEST_2688,0.7059323
TEST_2689,0.683135
TEST_2690,0.6508733
TEST_2691,0.6608401
TEST_2692,0.7255836
TEST_2693,0.6085584
TEST_2694,0.7725835
TEST_2695,0.6895789
TEST_2696,0.65491
TEST_2697,0.7012662
TEST_2698,0.64424896
TEST_2699,0.65169895
TEST_2700,0.68398523
TEST_2701,0.67594033
TEST_2702,0.7143021
TEST_2703,0.6608121
TEST_2704,0.61008006
TEST_2705,0.70070827
TEST_2706,0.7408367
TEST_2707,0.6543137
TEST_2708,0.73913056
TEST_2709,0.80787325
TEST_2710,0.66733843
TEST_2711,0.7395487
TEST_2712,0.67564523
TEST_2713,0.70210594
TEST_2714,0.60576963
TEST_2715,0.6354875
TEST_2716,0.7166991
TEST_2717,0.68933886
TEST_2718,0.705169
TEST_2719,0.6184035
TEST_2720,0.6482252
TEST_2721,0.7368623
TEST_2722,0.68015796
TEST_2723,0.7893594
TEST_2724,0.71708727
TEST_2725,0.82199436
TEST_2726,0.59030986
TEST_2727,0.79445785
TEST_2728,0.6414342
TEST_2729,0.651995
TEST_2730,0.69936633
TEST_2731,0.5639668
TEST_2732,0.6913519
TEST_2733,0.69266593
TEST_2734,0.6536388
TEST_2735,0.7066247
TEST_2736,0.7565427
TEST_2737,0.5856119
TEST_2738,0.7796044
TEST_2739,0.58499616
TEST_2740,0.57024926
TEST_2741,0.62159765
TEST_2742,0.70032525
TEST_2743,0.59969825
TEST_2744,0.8288778
TEST_2745,0.70590997
TEST_2746,0.59923846
TEST_2747,0.64974654
TEST_2748,0.67077106
TEST_2749,0.73913056
TEST_2750,0.83690715
TEST_2751,0.7442477
TEST_2752,0.6267976
TEST_2753,0.72645426
TEST_2754,0.79447824
TEST_2755,0.6578793
TEST_2756,0.7894507
TEST_2757,0.79214
TEST_2758,0.67282647
TEST_2759,0.76342267
TEST_2760,0.81311524
TEST_2761,0.8046168
TEST_2762,0.6880551
TEST_2763,0.61347336
TEST_2764,0.6986458
TEST_2765,0.8099583
TEST_2766,0.7107429
TEST_2767,0.82134235
TEST_2768,0.77890867
TEST_2769,0.78479844
TEST_2770,0.8377426
TEST_2771,0.80804175
TEST_2772,0.7288783
TEST_2773,0.65899795
TEST_2774,0.7113653
TEST_2775,0.70088077
TEST_2776,0.62628865
TEST_2777,0.7093936
TEST_2778,0.7287331
TEST_2779,0.79920894
TEST_2780,0.6339791
TEST_2781,0.6509967
TEST_2782,0.5897517
TEST_2783,0.73399794
TEST_2784,0.6600136
TEST_2785,0.74965614
TEST_2786,0.6587411
TEST_2787,0.81563395
TEST_2788,0.64247626
TEST_2789,0.675172
TEST_2790,0.61691386
TEST_2791,0.64508617
TEST_2792,0.6654851
TEST_2793,0.64598846
TEST_2794,0.59723985
TEST_2795,0.7054017
TEST_2796,0.65316176
TEST_2797,0.6855765
TEST_2798,0.65512496
TEST_2799,0.67327267
TEST_2800,0.6464596
TEST_2801,0.6559
TEST_2802,0.6560041
TEST_2803,0.69672143
TEST_2804,0.57787013
TEST_2805,0.74664575
TEST_2806,0.84663314
TEST_2807,0.70575243
TEST_2808,0.7689981
TEST_2809,0.68667114
TEST_2810,0.61698246
TEST_2811,0.635047
TEST_2812,0.65541804
TEST_2813,0.8449469
TEST_2814,0.6284559
TEST_2815,0.61401343
TEST_2816,0.76257366
TEST_2817,0.8123394
TEST_2818,0.7265672
TEST_2819,0.6069776
TEST_2820,0.71736795
TEST_2821,0.70401746
TEST_2822,0.6059123
TEST_2823,0.7402266
TEST_2824,0.5782816
TEST_2825,0.64767814
TEST_2826,0.6728596
TEST_2827,0.6783878
TEST_2828,0.8304874
TEST_2829,0.67535764
TEST_2830,0.70964074
TEST_2831,0.66826844
TEST_2832,0.7879451
TEST_2833,0.84736997
TEST_2834,0.7364459
TEST_2835,0.7414432
TEST_2836,0.71709895
TEST_2837,0.70473146
TEST_2838,0.57974696
TEST_2839,0.61838526
TEST_2840,0.645173
TEST_2841,0.6870148
TEST_2842,0.67566264
TEST_2843,0.7539629
TEST_2844,0.6937665
TEST_2845,0.6401781
TEST_2846,0.6214181
TEST_2847,0.5915516
TEST_2848,0.69446194
TEST_2849,0.586536
TEST_2850,0.75316733
TEST_2851,0.7475011
TEST_2852,0.630183
TEST_2853,0.6550839
TEST_2854,0.62159765
TEST_2855,0.6986985
TEST_2856,0.82571995
TEST_2857,0.5816405
TEST_2858,0.7373111
TEST_2859,0.61808705
TEST_2860,0.76698273
TEST_2861,0.6901047
TEST_2862,0.8305706
TEST_2863,0.7579874
TEST_2864,0.74940246
TEST_2865,0.61484516
TEST_2866,0.7696177
TEST_2867,0.6262736
TEST_2868,0.67257255
TEST_2869,0.64071745
TEST_2870,0.6525875
TEST_2871,0.677591
TEST_2872,0.7491342
TEST_2873,0.7461936
TEST_2874,0.595425
TEST_2875,0.6831277
TEST_2876,0.5534459
TEST_2877,0.8084678
TEST_2878,0.8069676
TEST_2879,0.8165783
TEST_2880,0.68683326
TEST_2881,0.6862243
TEST_2882,0.81536984
TEST_2883,0.8022115
TEST_2884,0.61531365
TEST_2885,0.7973636
TEST_2886,0.6901
TEST_2887,0.617902
TEST_2888,0.54330564
TEST_2889,0.7010663
TEST_2890,0.5855871
TEST_2891,0.7735655
TEST_2892,0.6545411
TEST_2893,0.6437569
TEST_2894,0.66277105
TEST_2895,0.71853197
TEST_2896,0.76974446
TEST_2897,0.67513424
TEST_2898,0.63591105
TEST_2899,0.8105209
TEST_2900,0.5939879
TEST_2901,0.77440983
TEST_2902,0.6616774
TEST_2903,0.60782534
TEST_2904,0.84808606
TEST_2905,0.7245029
TEST_2906,0.6464914
TEST_2907,0.67757696
TEST_2908,0.7149713
TEST_2909,0.7131422
TEST_2910,0.71416706
TEST_2911,0.65433675
TEST_2912,0.77783686
TEST_2913,0.5939879
TEST_2914,0.7351962
TEST_2915,0.71947336
TEST_2916,0.8298228
TEST_2917,0.73386925
TEST_2918,0.8129078
TEST_2919,0.63614416
TEST_2920,0.7887032
TEST_2921,0.81735325
TEST_2922,0.5951626
TEST_2923,0.5988329
TEST_2924,0.60980535
TEST_2925,0.8370836
TEST_2926,0.77356106
TEST_2927,0.7476548
TEST_2928,0.8023727
TEST_2929,0.6054492
TEST_2930,0.788621
TEST_2931,0.78723615
TEST_2932,0.7566331
TEST_2933,0.78812623
TEST_2934,0.6024424
TEST_2935,0.6685788
TEST_2936,0.6099319
TEST_2937,0.6695363
TEST_2938,0.72199667
TEST_2939,0.55984557
TEST_2940,0.66590023
TEST_2941,0.7497085
TEST_2942,0.8063806
TEST_2943,0.80113435
TEST_2944,0.7402266
TEST_2945,0.6910272
TEST_2946,0.7461936
TEST_2947,0.66510814
TEST_2948,0.62676305
TEST_2949,0.5818598
TEST_2950,0.68991876
TEST_2951,0.6823331
TEST_2952,0.69982
TEST_2953,0.6795964
TEST_2954,0.78485125
TEST_2955,0.65169895
TEST_2956,0.77264327
TEST_2957,0.64897615
TEST_2958,0.6439375
TEST_2959,0.76342267
TEST_2960,0.74213505
TEST_2961,0.67590266
TEST_2962,0.6470712
TEST_2963,0.67146325
TEST_2964,0.5805325
TEST_2965,0.7341503
TEST_2966,0.6600098
TEST_2967,0.6070762
TEST_2968,0.6872779
TEST_2969,0.81210166
TEST_2970,0.6278909
TEST_2971,0.6294201
TEST_2972,0.63844436
TEST_2973,0.708935
TEST_2974,0.60116667
TEST_2975,0.69594127
TEST_2976,0.6352825
TEST_2977,0.7184626
TEST_2978,0.69696844
TEST_2979,0.78921306
TEST_2980,0.6276456
TEST_2981,0.801818
TEST_2982,0.7088976
TEST_2983,0.76244736
TEST_2984,0.6788109
TEST_2985,0.67224574
TEST_2986,0.82031316
TEST_2987,0.7665456
TEST_2988,0.6509918
TEST_2989,0.8076532
TEST_2990,0.71306473
TEST_2991,0.6574641
TEST_2992,0.6606453
TEST_2993,0.76984745
TEST_2994,0.74664575
TEST_2995,0.801818
TEST_2996,0.756998
TEST_2997,0.60883695
TEST_2998,0.7039986
TEST_2999,0.6452579
